doi,relevant_text_extraction,synthesis_procedure_extraction,in_final_dataset
10.1002/adem.202201505,true,true,true
10.1002/adfm.201704443,true,true,true
10.1002/adfm.201910079,true,true,true
10.1002/adfm.201910123,true,true,true
10.1002/adfm.202003518,true,true,true
10.1002/adfm.202110674,true,true,true
10.1002/adfm.202205471,true,true,true
10.1002/adfm.202208821,true,true,true
10.1002/adma.201701641,true,true,true
10.1002/adma.201905200,true,true,true
10.1002/adma.202002060,true,true,true
10.1002/adma.202100404,false,false,false
10.1002/adma.202101006,true,true,true
10.1002/adma.202101342,true,true,true
10.1002/adma.202108682,true,true,true
10.1002/adma.202108835,true,true,true
10.1002/adma.202310480,true,true,true
10.1002/admt.202000600,true,true,true
10.1002/advs.201600035,true,true,true
10.1002/advs.201600203,true,true,true
10.1002/advs.201700727,true,true,true
10.1002/advs.201800278,true,true,true
10.1002/advs.201901598,true,true,true
10.1002/advs.201902409,true,true,true
10.1002/advs.201903493,true,true,true
10.1002/advs.202000070,true,true,true
10.1002/advs.202003400,true,true,true
10.1002/advs.202100895,true,true,true
10.1002/advs.202200958,true,true,true
10.1002/advs.202201823,true,true,true
10.1002/aelm.201900720,true,true,true
10.1002/aelm.201900945,true,true,true
10.1002/aelm.202000782,true,true,true
10.1002/aelm.202200053,true,true,true
10.1002/aenm.201200503,true,true,true
10.1002/aenm.201900201,true,true,true
10.1002/aenm.202100666,true,true,true
10.1002/aenm.202101021,true,true,true
10.1002/aenm.202101122,true,true,true
10.1002/aenm.202203770,true,true,true
10.1002/aenm.202301656,true,true,true
10.1002/anie.201601420,true,true,true
10.1002/anie.202002560,true,true,true
10.1002/anie.202013951,true,true,true
10.1002/anie.202106237,true,true,true
10.1002/anie.202115884,true,true,true
10.1002/anie.202210522,true,false,false
10.1002/anie.202214258,true,false,false
10.1002/anie.202216169,true,false,false
10.1002/anie.202316360,true,true,true
10.1002/batt.202000097,true,true,true
10.1002/batt.202100033,true,true,true
10.1002/batt.202100040,true,true,true
10.1002/batt.202200167,true,true,true
10.1002/batt.202200277,true,true,true
10.1002/batt.202200318,true,true,true
10.1002/batt.202200340,true,true,true
10.1002/batt.202200452,true,false,false
10.1002/celc.202200983,true,true,true
10.1002/celc.202201043,true,true,true
10.1002/cey2.116,true,true,true
10.1002/cey2.193,true,true,true
10.1002/cey2.283,true,true,true
10.1002/chem.201705211,true,true,true
10.1002/eem2.12534,true,true,true
10.1002/eem2.12824,true,true,true
10.1002/ente.202001048,true,true,true
10.1002/inf2.12214,true,true,true
10.1002/inf2.12361,true,true,true
10.1002/open.201800091,true,true,true
10.1002/pssb.201600724,true,true,true
10.1002/smll.202102045,true,true,true
10.1002/sstr.202400201,true,true,true
10.1002/zaac.202000043,true,true,true
10.1002/zaac.202000224,true,true,true
10.1007/bf00681850,true,true,true
10.1007/s00339-020-04251-5,true,true,true
10.1007/s00723-018-1064-4,true,true,true
10.1007/s10008-018-04186-1,true,true,true
10.1007/s10832-012-9683-x,true,true,true
10.1007/s10832-014-9901-9,true,true,true
10.1007/s10853-012-6827-y,true,true,true
10.1007/s10853-018-3058-x,true,true,true
10.1007/s10853-019-03496-7,true,true,true
10.1007/s10853-021-06170-z,true,true,true
10.1007/s10854-017-8013-0,true,true,true
10.1007/s10854-018-9976-1,true,true,true
10.1007/s10854-021-06743-3,true,true,true
10.1007/s10854-024-13210-2,true,true,true
10.1007/s10909-013-0885-7,true,true,true
10.1007/s10909-013-1077-1,true,true,true
10.1007/s10909-014-1262-x,true,true,true
10.1007/s10909-017-1794-y,true,true,true
10.1007/s10948-018-4697-5,true,true,true
10.1007/s10948-022-06253-1,true,true,true
10.1007/s11664-008-0641-y,true,true,true
10.1007/s11664-009-1011-0,true,true,true
10.1007/s11664-010-1074-y,true,true,true
10.1007/s11664-010-1151-2,true,true,true
10.1007/s11664-010-1155-y,true,true,true
10.1007/s11664-010-1258-5,true,true,true
10.1007/s11664-010-1312-3,true,true,true
10.1007/s11664-013-2481-7,true,true,true
10.1007/s11664-013-2805-7,true,true,true
10.1007/s11664-014-3139-9,true,true,true
10.1007/s11664-015-4037-5,true,true,true
10.1007/s11664-015-4102-0,true,true,true
10.1007/s11664-015-4242-2,true,true,true
10.1007/s11664-015-4251-1,true,true,true
10.1007/s11664-015-4275-6,true,true,true
10.1007/s11664-015-4307-2,true,true,true
10.1007/s11664-016-4669-0,true,true,true
10.1007/s11664-019-07372-7,true,true,true
10.1007/s11666-021-01228-5,true,true,true
10.1007/s11671-008-9207-4,true,true,true
10.1007/s11671-010-9664-4,true,true,true
10.1007/s11671-010-9682-2,true,true,true
10.1007/s11671-010-9690-2,true,true,true
10.1007/s11671-010-9795-7,true,true,true
10.1007/s12540-019-00457-2,true,true,true
10.1007/s13204-011-0056-6,true,true,true
10.1007/s13204-013-0241-x,true,true,true
10.1007/s13204-014-0344-z,true,true,true
10.1007/s13204-015-0462-2,true,true,true
10.1007/s13204-017-0588-5,true,true,true
10.1007/s13204-017-0623-6,true,true,true
10.1007/s40145-013-0040-6,true,false,false
10.1007/s40145-013-0084-7,true,true,true
10.1007/s40145-014-0117-x,true,false,false
10.1007/s40145-015-0153-1,true,true,true
10.1007/s40145-016-0196-y,true,true,true
10.1007/s40145-018-0267-3,true,true,true
10.1007/s40145-018-0273-5,true,true,true
10.1007/s40145-019-0333-5,true,true,true
10.1007/s40145-020-0382-9,true,true,true
10.1007/s40145-021-0462-5,true,true,true
10.1007/s40145-021-0480-3,true,true,true
10.1007/s40145-022-0599-x,true,true,true
10.1007/s40243-013-0021-2,true,true,true
10.1007/s40243-014-0026-5,true,true,true
10.1007/s40243-014-0031-8,true,true,true
10.1007/s40243-016-0086-9,true,true,true
10.1007/s40243-017-0109-1,true,true,true
10.1007/s40243-020-00186-2,true,true,true
10.1007/s40820-020-00471-9,true,true,true
10.1007/s40820-021-00623-5,true,true,true
10.1007/s40820-021-00687-3,true,true,true
10.1007/s40820-022-00914-5,true,true,true
10.1007/s40820-022-00932-3,true,true,true
10.1007/s40820-022-00935-0,true,true,true
10.1007/s40820-022-00967-6,true,true,true
10.1007/s42452-021-04540-5,true,true,true
10.1016/0378-4363(87)90230-0,true,true,true
10.1016/0921-4534(88)90134-7,true,true,true
10.1016/j.actamat.2015.09.036,true,true,true
10.1016/j.actamat.2021.116867,true,true,true
10.1016/j.actamat.2021.117136,false,false,false
10.1016/j.apcatb.2015.08.006,true,true,true
10.1016/j.applthermaleng.2020.115206,true,false,false
10.1016/j.arabjc.2015.10.001,true,true,true
10.1016/j.arabjc.2018.03.005,true,true,true
10.1016/j.bsecv.2015.02.004,true,true,true
10.1016/j.bsecv.2015.11.001,true,true,true
10.1016/j.bsecv.2017.10.003,true,true,true
10.1016/j.bsecv.2020.03.006,true,true,true
10.1016/j.bsecv.2021.07.003,true,true,true
10.1016/j.carbon.2014.10.002,true,true,true
10.1016/j.carbon.2018.06.053,true,true,true
10.1016/j.carbon.2019.10.072,true,true,true
10.1016/j.carbon.2024.119252,true,true,true
10.1016/j.ceja.2021.100209,true,true,true
10.1016/j.ceramint.2016.08.202,true,true,true
10.1016/j.ceramint.2018.04.071,true,true,true
10.1016/j.ceramint.2021.01.008,true,true,true
10.1016/j.ceramint.2021.03.275,true,true,true
10.1016/j.ceramint.2022.04.110,true,true,true
10.1016/j.ceramint.2023.08.330,true,true,true
10.1016/j.cocom.2015.03.003,true,true,true
10.1016/j.csite.2018.05.006,false,false,false
10.1016/j.csite.2019.100580,true,true,true
10.1016/j.dib.2017.05.041,false,false,false
10.1016/j.egypro.2014.07.132,true,true,true
10.1016/j.egypro.2014.11.1024,true,true,true
10.1016/j.egypro.2015.03.257,true,true,true
10.1016/j.egypro.2017.03.140,true,true,true
10.1016/j.elecom.2008.08.017,true,true,true
10.1016/j.elecom.2009.12.016,true,true,true
10.1016/j.elecom.2022.107333,true,true,true
10.1016/j.elecom.2022.107341,true,true,true
10.1016/j.electacta.2017.02.092,true,true,true
10.1016/j.electacta.2021.139738,true,true,true
10.1016/j.esci.2022.07.004,true,true,true
10.1016/j.gce.2022.03.002,true,true,true
10.1016/j.gee.2022.03.006,true,true,true
10.1016/j.ijhydene.2023.05.323,true,true,true
10.1016/j.isci.2018.05.005,true,true,true
10.1016/j.isci.2019.02.019,true,true,true
10.1016/j.isci.2019.100753,true,true,true
10.1016/j.isci.2020.101632,false,false,false
10.1016/j.jallcom.2015.01.149,true,true,true
10.1016/j.jallcom.2015.11.204,true,true,true
10.1016/j.jallcom.2017.10.033,true,true,true
10.1016/j.jallcom.2018.01.235,true,true,true
10.1016/j.jallcom.2018.03.074,true,true,true
10.1016/j.jallcom.2018.05.260,true,true,true
10.1016/j.jallcom.2019.02.199,true,true,true
10.1016/j.jallcom.2019.152596,true,true,true
10.1016/j.jallcom.2020.156169,true,true,true
10.1016/j.jallcom.2020.158069,true,true,true
10.1016/j.jallcom.2020.158365,true,true,true
10.1016/j.jallcom.2021.163248,true,true,true
10.1016/j.jallcom.2022.164074,true,true,true
10.1016/j.jallcom.2022.165743,true,true,true
10.1016/j.jallcom.2022.166379,true,true,true
10.1016/j.jallcom.2023.170250,true,true,true
10.1016/j.jascer.2013.05.002,true,true,true
10.1016/j.jascer.2013.06.006,true,true,true
10.1016/j.jascer.2014.09.001,true,true,true
10.1016/j.jaubas.2012.09.005,true,true,true
10.1016/j.jcrysgro.2013.05.020,true,true,true
10.1016/j.jeurceramsoc.2013.07.001,true,true,true
10.1016/j.jeurceramsoc.2015.09.034,true,true,true
10.1016/j.jeurceramsoc.2019.09.024,true,true,true
10.1016/j.jeurceramsoc.2019.11.027,true,true,true
10.1016/j.jeurceramsoc.2020.08.024,true,true,true
10.1016/j.jksus.2022.101963,true,true,true
10.1016/j.jma.2020.12.001,true,true,true
10.1016/j.jma.2021.11.013,true,true,true
10.1016/j.jmat.2015.01.001,true,false,false
10.1016/j.jmat.2015.03.007,true,true,true
10.1016/j.jmat.2015.03.008,true,true,true
10.1016/j.jmat.2015.07.007,true,true,true
10.1016/j.jmat.2015.09.001,true,true,true
10.1016/j.jmat.2016.05.001,true,true,true
10.1016/j.jmat.2016.05.003,true,true,true
10.1016/j.jmat.2016.05.005,true,true,true
10.1016/j.jmat.2016.05.008,true,true,true
10.1016/j.jmat.2016.05.009,true,true,true
10.1016/j.jmat.2016.09.001,true,true,true
10.1016/j.jmat.2017.05.001,true,true,true
10.1016/j.jmat.2017.06.002,true,true,true
10.1016/j.jmat.2017.07.003,true,true,true
10.1016/j.jmat.2017.11.001,true,true,true
10.1016/j.jmat.2017.12.002,true,true,true
10.1016/j.jmat.2018.02.002,true,true,true
10.1016/j.jmat.2018.04.001,true,false,false
10.1016/j.jmat.2018.05.008,true,true,true
10.1016/j.jmat.2018.11.003,true,true,true
10.1016/j.jmat.2018.12.002,true,true,true
10.1016/j.jmat.2018.12.004,true,true,true
10.1016/j.jmat.2019.01.008,true,true,true
10.1016/j.jmat.2019.01.013,true,true,true
10.1016/j.jmat.2019.04.007,true,true,true
10.1016/j.jmat.2019.06.002,true,true,true
10.1016/j.jmat.2019.06.005,true,true,true
10.1016/j.jmat.2019.12.003,true,true,true
10.1016/j.jmat.2019.12.007,true,true,true
10.1016/j.jmat.2020.02.004,true,true,true
10.1016/j.jmat.2020.02.009,true,true,true
10.1016/j.jmat.2020.04.001,true,true,true
10.1016/j.jmat.2020.06.004,true,true,true
10.1016/j.jmat.2020.07.012,true,true,true
10.1016/j.jmat.2020.08.002,true,true,true
10.1016/j.jmat.2020.08.008,true,true,true
10.1016/j.jmat.2020.09.005,true,true,true
10.1016/j.jmat.2020.11.001,true,true,true
10.1016/j.jmat.2020.11.007,true,true,true
10.1016/j.jmat.2020.11.014,true,true,true
10.1016/j.jmat.2020.12.001,true,true,true
10.1016/j.jmat.2021.02.013,true,true,true
10.1016/j.jmat.2021.02.019,true,true,true
10.1016/j.jmmm.2015.05.012,true,true,true
10.1016/j.jmmm.2016.12.009,true,true,true
10.1016/j.jmmm.2018.05.004,true,true,true
10.1016/j.jmmm.2018.05.060,true,true,true
10.1016/j.jmmm.2019.02.088,true,true,true
10.1016/j.jmmm.2020.166622,true,true,true
10.1016/j.jmmm.2021.168928,true,true,true
10.1016/j.jmrt.2019.02.007,true,true,true
10.1016/j.jmrt.2019.07.001,true,true,true
10.1016/j.jmrt.2020.03.113,true,true,true
10.1016/j.jmrt.2020.08.027,true,true,true
10.1016/j.jmrt.2020.12.064,true,true,true
10.1016/j.jmrt.2021.03.001,true,true,true
10.1016/j.jmrt.2021.07.142,true,true,true
10.1016/j.jmrt.2021.12.099,true,true,true
10.1016/j.jmrt.2022.01.106,true,true,true
10.1016/j.joule.2017.07.018,true,true,true
10.1016/j.jpowsour.2013.10.118,true,true,true
10.1016/j.jpowsour.2016.07.023,true,true,true
10.1016/j.jpowsour.2016.07.082,true,true,true
10.1016/j.jpowsour.2018.11.077,true,true,true
10.1016/j.jpowsour.2019.04.114,true,true,true
10.1016/j.jpowsour.2019.226895,true,true,true
10.1016/j.jpowsour.2019.227576,true,true,true
10.1016/j.jpowsour.2021.229691,true,true,true
10.1016/j.jpowsour.2023.232746,true,true,true
10.1016/j.jsamd.2016.03.005,true,true,true
10.1016/j.jsamd.2016.05.005,true,true,true
10.1016/j.jsamd.2018.07.002,true,true,true
10.1016/j.jsamd.2019.03.002,true,true,true
10.1016/j.jsamd.2019.04.006,true,true,true
10.1016/j.jscs.2013.12.010,true,true,true
10.1016/j.jscs.2018.06.008,true,true,true
10.1016/j.jssc.2004.03.026,true,true,true
10.1016/j.jssc.2015.04.044,true,true,true
10.1016/j.jssc.2019.03.046,true,false,false
10.1016/j.jssc.2019.04.041,true,true,true
10.1016/j.kijoms.2018.01.001,true,true,true
10.1016/j.matchemphys.2020.122812,true,true,true
10.1016/j.matdes.2015.08.096,true,true,true
10.1016/j.matdes.2018.09.025,true,true,true
10.1016/j.matdes.2019.108263,true,true,true
10.1016/j.matdes.2021.110060,true,true,true
10.1016/j.materresbull.2011.08.011,true,true,true
10.1016/j.matlet.2017.01.031,true,true,true
10.1016/j.matlet.2017.08.009,true,true,true
10.1016/j.matlet.2018.01.074,true,true,true
10.1016/j.matlet.2019.07.053,true,true,true
10.1016/j.mattod.2017.02.007,true,true,true
10.1016/j.mlblux.2022.100147,true,true,true
10.1016/j.molliq.2019.112024,true,true,true
10.1016/j.mset.2018.11.001,true,true,true
10.1016/j.mssp.2016.07.024,true,true,true
10.1016/j.mtadv.2020.100094,true,true,true
10.1016/j.mtcomm.2019.100820,true,true,true
10.1016/j.mtla.2024.102189,true,true,true
10.1016/j.mtphys.2020.100215,true,true,true
10.1016/j.nanoen.2012.02.010,true,true,true
10.1016/j.nanoen.2016.08.063,true,true,true
10.1016/j.nanoen.2016.11.016,true,true,true
10.1016/j.nanoen.2020.105518,true,true,true
10.1016/j.nanoms.2023.01.001,true,true,true
10.1016/j.net.2020.07.016,true,true,true
10.1016/j.phpro.2009.11.008,true,true,true
10.1016/j.phpro.2009.11.054,true,true,true
10.1016/j.phpro.2013.07.023,true,true,true
10.1016/j.phpro.2014.10.033,true,true,true
10.1016/j.phpro.2015.12.114,true,true,true
10.1016/j.phpro.2015.12.158,true,true,true
10.1016/j.phpro.2015.12.173,true,true,true
10.1016/j.phpro.2015.12.181,true,true,true
10.1016/j.physb.2014.03.082,true,true,true
10.1016/j.pnsc.2013.06.007,true,true,true
10.1016/j.pnsc.2014.04.004,true,true,true
10.1016/j.pnsc.2014.05.009,true,true,true
10.1016/j.pnsc.2015.01.003,true,true,true
10.1016/j.pnsc.2016.06.003,true,true,true
10.1016/j.pnsc.2016.11.003,true,false,false
10.1016/j.pnsc.2017.02.009,true,true,true
10.1016/j.pnsc.2018.01.012,true,true,true
10.1016/j.pnsc.2018.02.007,true,true,true
10.1016/j.pnsc.2018.05.002,true,true,true
10.1016/j.pnsc.2018.08.008,true,true,true
10.1016/j.pnsc.2019.12.007,true,true,true
10.1016/j.proche.2012.10.066,false,false,false
10.1016/j.proeng.2011.12.430,true,true,true
10.1016/j.proeng.2012.01.1314,true,true,true
10.1016/j.proeng.2012.03.063,true,true,true
10.1016/j.proeng.2012.07.360,true,true,true
10.1016/j.proeng.2013.09.246,true,true,true
10.1016/j.proeng.2013.10.011,false,false,false
10.1016/j.proeng.2014.11.826,true,true,true
10.1016/j.proeng.2017.03.010,true,true,true
10.1016/j.proeng.2017.09.826,true,true,true
10.1016/j.rinma.2020.100148,true,true,true
10.1016/j.rinp.2013.09.006,true,true,true
10.1016/j.rinp.2016.03.010,true,true,true
10.1016/j.rinp.2016.04.008,true,true,true
10.1016/j.rinp.2016.09.018,true,true,true
10.1016/j.rinp.2016.11.041,true,false,false
10.1016/j.rinp.2017.03.032,false,false,false
10.1016/j.rinp.2017.08.035,true,true,true
10.1016/j.rinp.2017.11.033,true,true,true
10.1016/j.rinp.2017.12.062,true,true,true
10.1016/j.rinp.2018.02.022,true,true,true
10.1016/j.rinp.2018.04.044,true,true,true
10.1016/j.rinp.2018.05.044,true,true,true
10.1016/j.rinp.2018.07.038,true,true,true
10.1016/j.rinp.2018.12.016,true,true,true
10.1016/j.rinp.2019.01.011,true,true,true
10.1016/j.rinp.2019.01.036,true,true,true
10.1016/j.rinp.2019.102166,true,true,true
10.1016/j.rinp.2019.102244,true,true,true
10.1016/j.rinp.2019.102391,true,true,true
10.1016/j.rinp.2019.102492,true,true,true
10.1016/j.rinp.2019.102803,true,true,true
10.1016/j.rinp.2019.102916,true,true,true
10.1016/j.rinp.2020.102973,true,true,true
10.1016/j.rinp.2020.103350,true,true,true
10.1016/j.rinp.2022.106140,true,true,true
10.1016/j.scriptamat.2016.01.035,true,true,true
10.1016/j.scriptamat.2017.11.044,true,true,true
10.1016/j.scriptamat.2020.10.030,true,true,true
10.1016/j.seta.2019.100604,true,true,true
10.1016/j.solidstatesciences.2013.09.005,true,true,true
10.1016/j.ssi.2015.11.005,true,true,true
10.1016/j.ssi.2016.12.016,true,true,true
10.1016/j.ssi.2020.115322,true,true,true
10.1016/j.ssi.2021.115851,true,true,true
10.1016/j.stam.2003.09.009,true,true,true
10.1016/j.stam.2004.02.006,true,true,true
10.1016/j.xcrp.2021.100480,true,true,true
10.1016/s0022-3697(98)00324-2,true,true,true
10.1016/s0925-8388(99)00483-1,true,true,true
10.1016/s1002-0071(12)60066-5,true,true,true
10.1016/s1468-6996(00)00021-8,false,false,false
10.1021/acs.chemmater.0c03218,true,true,true
10.1021/acs.chemmater.1c00731,true,false,false
10.1021/acs.chemmater.5b04616,true,true,true
10.1021/acs.chemmater.6b03600,true,true,true
10.1021/acs.chemmater.6b04898,true,true,true
10.1021/acs.chemmater.9b00282,false,false,false
10.1021/acs.chemmater.9b05075,true,true,true
10.1021/acs.inorgchem.8b02956,true,true,true
10.1021/acs.jpcc.0c09139,true,true,true
10.1021/acs.langmuir.6b02201,true,true,true
10.1021/acs.nanolett.2c04216,true,true,true
10.1021/acsaem.8b00333,true,true,true
10.1021/acsaem.9b02137,true,true,true
10.1021/acsaem.9b02272,true,true,true
10.1021/acsami.0c16254,true,true,true
10.1021/acsami.0c19341,true,true,true
10.1021/acsami.0c21699,true,true,true
10.1021/acsami.7b06301,true,true,true
10.1021/acsami.8b03611,true,true,true
10.1021/acsami.9b06483,true,true,true
10.1021/acsami.9b12256,true,true,true
10.1021/acsanm.2c04537,true,true,true
10.1021/acsnano.1c09405,true,true,true
10.1021/acsnano.2c01992,true,true,true
10.1021/acsnano.2c03788,true,true,true
10.1021/acsnano.2c12392,true,true,true
10.1021/am100365y,true,true,true
10.1021/cm5045682,true,true,true
10.1021/jacs.1c09954,true,true,true
10.1021/jacsau.3c00035,true,true,true
10.1038/am.2013.15,true,true,true
10.1038/am.2013.86,true,true,true
10.1038/am.2016.134,true,true,true
10.1038/am.2016.67,true,true,true
10.1038/am.2016.77,true,true,true
10.1038/am.2016.97,true,true,true
10.1038/am.2017.8,true,true,true
10.1038/ncomms10287,true,true,true
10.1038/ncomms10892,false,false,false
10.1038/ncomms1112,true,true,true
10.1038/ncomms12146,true,false,false
10.1038/ncomms12167,true,true,true
10.1038/ncomms13713,true,true,true
10.1038/ncomms13714,true,true,true
10.1038/ncomms13828,true,true,true
10.1038/ncomms13901,true,true,true
10.1038/ncomms14627,true,true,true
10.1038/ncomms15001,true,true,true
10.1038/ncomms15070,true,true,true
10.1038/ncomms15515,true,true,true
10.1038/ncomms2038,true,true,true
10.1038/ncomms5598,true,true,true
10.1038/ncomms7197,true,false,false
10.1038/ncomms7362,true,false,false
10.1038/ncomms8436,true,true,true
10.1038/ncomms8584,true,true,true
10.1038/ncomms9144,true,true,true
10.1038/ncomms9356,true,true,true
10.1038/s41427-018-0085-7,true,true,true
10.1038/s41427-019-0116-z,true,true,true
10.1038/s41427-020-00247-y,true,true,true
10.1038/s41427-020-0197-8,true,true,true
10.1038/s41467-017-01149-4,true,true,true
10.1038/s41467-017-02566-1,true,true,true
10.1038/s41467-017-02667-x,true,true,true
10.1038/s41467-018-03866-w,true,true,true
10.1038/s41467-018-04660-4,true,true,true
10.1038/s41467-018-04958-3,true,true,true
10.1038/s41467-018-05153-0,true,true,true
10.1038/s41467-018-06251-9,true,true,true
10.1038/s41467-018-06688-y,true,true,true
10.1038/s41467-018-07484-4,true,true,true
10.1038/s41467-018-07877-5,true,true,true
10.1038/s41467-018-08223-5,true,true,true
10.1038/s41467-019-08542-1,true,false,false
10.1038/s41467-019-08784-z,true,false,false
10.1038/s41467-019-08835-5,true,true,true
10.1038/s41467-019-08883-x,true,true,true
10.1038/s41467-019-09682-0,true,true,true
10.1038/s41467-019-09921-4,true,true,true
10.1038/s41467-019-10476-7,true,true,true
10.1038/s41467-019-11124-w,true,true,true
10.1038/s41467-019-11458-5,true,true,true
10.1038/s41467-019-12144-2,true,true,true
10.1038/s41467-019-13270-7,true,true,true
10.1038/s41467-019-13293-0,true,false,false
10.1038/s41467-019-13421-w,true,true,true
10.1038/s41467-019-13461-2,true,true,true
10.1038/s41467-019-13773-3,true,true,true
10.1038/s41467-019-13999-1,true,true,true
10.1038/s41467-020-15143-w,true,true,true
10.1038/s41467-020-16740-5,true,true,true
10.1038/s41467-020-17274-6,true,false,false
10.1038/s41467-020-19537-8,true,true,true
10.1038/s41467-020-20420-9,true,true,true
10.1038/s41467-021-22064-9,true,true,true
10.1038/s41467-021-23155-3,true,true,true
10.1038/s41467-021-23569-z,true,true,true
10.1038/s41467-021-26706-w,true,true,true
10.1038/s41467-021-27795-3,true,true,true
10.1038/s41467-021-27866-5,true,true,true
10.1038/s41467-022-33743-6,true,true,true
10.1038/s41467-022-33774-z,true,true,true
10.1038/s41535-017-0038-3,true,true,true
10.1038/s41535-017-0040-9,true,true,true
10.1038/s41535-017-0044-5,true,true,true
10.1038/s41535-018-0080-9,true,true,true
10.1038/s41535-018-0136-x,true,true,true
10.1038/s41535-019-0148-1,true,true,true
10.1038/s41535-019-0161-4,true,true,true
10.1038/s41535-019-0200-1,true,true,true
10.1038/s41535-020-00286-2,true,true,true
10.1038/s41563-021-01064-6,true,true,true
10.1038/s41563-022-01203-7,true,true,true
10.1038/s41598-017-02507-4,true,true,true
10.1038/s41598-017-02742-9,true,true,true
10.1038/s41598-017-02784-z,true,true,true
10.1038/s41598-017-02813-x,true,true,true
10.1038/s41598-017-02944-1,true,true,true
10.1038/s41598-017-03762-1,true,true,true
10.1038/s41598-017-04348-7,true,true,true
10.1038/s41598-017-05428-4,true,true,true
10.1038/s41598-017-06640-y,true,true,true
10.1038/s41598-017-08160-1,true,true,true
10.1038/s41598-017-09572-9,true,false,false
10.1038/s41598-017-09792-z,true,true,true
10.1038/s41598-017-09897-5,true,true,true
10.1038/s41598-017-12792-8,true,true,true
10.1038/s41598-017-14013-8,true,true,true
10.1038/s41598-017-16479-y,true,true,true
10.1038/s41598-017-16761-z,true,true,true
10.1038/s41598-017-17077-8,true,false,false
10.1038/s41598-017-18788-8,true,true,true
10.1038/s41598-018-19448-1,true,true,true
10.1038/s41598-018-20606-8,true,true,true
10.1038/s41598-018-23011-3,true,true,true
10.1038/s41598-018-23460-w,true,true,true
10.1038/s41598-018-24872-4,true,true,true
10.1038/s41598-018-25230-0,true,true,true
10.1038/s41598-018-25464-y,true,true,true
10.1038/s41598-018-26362-z,true,true,true
10.1038/s41598-018-27949-2,true,true,true
10.1038/s41598-018-28043-3,true,true,true
10.1038/s41598-018-28921-w,false,false,false
10.1038/s41598-018-29907-4,true,true,true
10.1038/s41598-018-30132-2,true,true,true
10.1038/s41598-019-39786-y,true,true,true
10.1038/s41598-019-41000-y,true,true,true
10.1038/s41598-019-41818-6,true,true,true
10.1038/s41598-019-43639-z,true,true,true
10.1038/s41598-019-43911-2,true,true,true
10.1038/s41598-019-44225-z,true,true,true
10.1038/s41598-019-45162-7,true,true,true
10.1038/s41598-019-45697-9,true,true,true
10.1038/s41598-019-46834-0,true,true,true
10.1038/s41598-019-48662-8,true,true,true
10.1038/s41598-019-50118-y,true,true,true
10.1038/s41598-019-50657-4,true,true,true
10.1038/s41598-019-50754-4,true,true,true
10.1038/s41598-019-51079-y,true,true,true
10.1038/s41598-019-52231-4,true,true,true
10.1038/s41598-019-52654-z,true,true,true
10.1038/s41598-019-54451-0,true,true,true
10.1038/s41598-019-55458-3,true,true,true
10.1038/s41598-019-56602-9,true,true,true
10.1038/s41598-019-56672-9,false,false,false
10.1038/s41598-020-57434-8,true,true,true
10.1038/s41598-020-57991-y,true,true,true
10.1038/s41598-020-58998-1,true,true,true
10.1038/s41598-020-61460-x,true,true,true
10.1038/s41598-020-61583-1,true,true,true
10.1038/s41598-020-64435-0,true,true,true
10.1038/s41598-020-65818-z,true,true,true
10.1038/s41598-020-69414-z,true,true,true
10.1038/s41598-020-76554-9,true,true,true
10.1038/s41598-022-15250-2,true,true,true
10.1038/srep00523,true,true,true
10.1038/srep03212,true,true,true
10.1038/srep03449,true,true,true
10.1038/srep03542,true,true,true
10.1038/srep04390,true,false,false
10.1038/srep05774,true,true,true
10.1038/srep06265,true,true,true
10.1038/srep06411,true,true,true
10.1038/srep06805,true,true,true
10.1038/srep06888,true,true,true
10.1038/srep07671,true,true,true
10.1038/srep07806,true,false,false
10.1038/srep07863,true,true,true
10.1038/srep07951,true,true,true
10.1038/srep09320,true,true,true
10.1038/srep09567,false,false,false
10.1038/srep11010,true,true,true
10.1038/srep11889,true,true,true
10.1038/srep12135,true,true,true
10.1038/srep13621,true,true,true
10.1038/srep13706,false,false,false
10.1038/srep14112,true,true,true
10.1038/srep14414,true,true,true
10.1038/srep14641,true,true,true
10.1038/srep15089,true,true,true
10.1038/srep16291,true,true,true
10.1038/srep16384,true,true,true
10.1038/srep17803,true,true,true
10.1038/srep18342,true,false,false
10.1038/srep18805,true,true,true
10.1038/srep19014,true,true,true
10.1038/srep19129,true,true,true
10.1038/srep19775,true,true,true
10.1038/srep20402,false,false,false
10.1038/srep22504,true,false,false
10.1038/srep23143,true,true,true
10.1038/srep23415,true,true,true
10.1038/srep23672,true,true,true
10.1038/srep25436,true,true,true
10.1038/srep26774,true,true,true
10.1038/srep27212,true,true,true
10.1038/srep30074,true,true,true
10.1038/srep30194,true,true,true
10.1038/srep30530,true,true,true
10.1038/srep33135,true,true,true
10.1038/srep33409,true,true,true
10.1038/srep34295,true,true,true
10.1038/srep37296,true,true,true
10.1038/srep37701,true,true,true
10.1038/srep40224,true,true,true
10.1038/srep40436,true,true,true
10.1038/srep43262,true,true,true
10.1038/srep43759,true,true,true
10.1038/srep44621,true,true,true
10.1038/srep44704,true,true,true
10.1039/c2ee21554c,true,true,true
10.1039/c2jm31469j,true,true,true
10.1039/c3cp50918d,true,true,true
10.1039/c3cp53749h,true,true,true
10.1039/c3fd00137g,true,true,true
10.1039/c3ta13456c,true,true,true
10.1039/c3ta13955g,true,true,true
10.1039/c4dt00336e,true,true,true
10.1039/c4dt01280a,true,true,true
10.1039/c4dt03307h,true,true,true
10.1039/c4dt03432e,true,true,true
10.1039/c4ta00072b,true,true,true
10.1039/c4ta00658e,true,true,true
10.1039/c4ta04355c,true,true,true
10.1039/c5ee02600h,true,true,true
10.1039/c5nr09037g,true,true,true
10.1039/c5ra12312g,true,true,true
10.1039/c5sc00910c,true,true,true
10.1039/c5sc02966j,true,true,true
10.1039/c5ta03473f,true,true,true
10.1039/c5tc01248a,true,true,true
10.1039/c5tc01509j,true,true,true
10.1039/c5tc01535a,true,true,true
10.1039/c5tc01648g,true,true,true
10.1039/c5tc02025e,true,false,false
10.1039/c5tc02318a,true,true,true
10.1039/c5tc04448k,true,true,true
10.1039/c6cp02287a,true,true,true
10.1039/c6cp05523k,true,true,true
10.1039/c6dt01298a,true,true,true
10.1039/c6ra06688g,true,true,true
10.1039/c6ra25052a,true,true,true
10.1039/c6ra27418h,true,true,true
10.1039/c6ra27974k,true,true,true
10.1039/c6ra28839a,true,true,true
10.1039/c6ta05878g,true,true,true
10.1039/c6ta06285g,true,true,true
10.1039/c6ta09322a,true,true,true
10.1039/c6tb02813f,true,true,true
10.1039/c6tc00867d,true,true,true
10.1039/c6tc00893c,true,true,true
10.1039/c6tc02929a,true,true,true
10.1039/c7dt03223d,true,true,true
10.1039/c7dt03787b,true,true,true
10.1039/c7ee01047h,true,true,true
10.1039/c7ra00125h,true,true,true
10.1039/c7ra01975k,true,true,true
10.1039/c7ra02174g,true,true,true
10.1039/c7ra02366a,true,true,true
10.1039/c7ra04256f,true,true,true
10.1039/c7ra04642a,true,true,true
10.1039/c7ra05609e,true,true,true
10.1039/c7ra05644c,true,true,true
10.1039/c7ra06413f,true,true,true
10.1039/c7ra08295a,true,true,true
10.1039/c7ra08446c,true,true,true
10.1039/c7ra08916c,true,true,true
10.1039/c7ra09332b,true,true,true
10.1039/c7ra09446a,true,true,true
10.1039/c7ra09473f,true,true,true
10.1039/c7ra12694h,true,true,true
10.1039/c7ra12905j,true,true,true
10.1039/c7ra13181j,true,true,true
10.1039/c7ra13671d,true,false,false
10.1039/c7sm01702b,true,true,true
10.1039/c7ta06817d,true,true,true
10.1039/c7ta09570h,true,true,true
10.1039/c8ee00449h,true,true,true
10.1039/c8na00123e,true,true,true
10.1039/c8na00160j,true,true,true
10.1039/c8nj05320k,true,true,true
10.1039/c8nr03924k,true,true,true
10.1039/c8nr04566f,true,true,true
10.1039/c8nr06922k,true,true,true
10.1039/c8ra00037a,true,true,true
10.1039/c8ra00224j,true,true,true
10.1039/c8ra01691g,true,true,true
10.1039/c8ra02374c,true,true,true
10.1039/c8ra02455c,true,true,true
10.1039/c8ra04282a,true,true,true
10.1039/c8ra05188g,true,true,true
10.1039/c8ra05747h,true,true,true
10.1039/c8ra06094k,true,true,true
10.1039/c8ra08271e,true,true,true
10.1039/c8ra08532c,true,true,true
10.1039/c8ra08573k,true,true,true
10.1039/c8ra08694j,true,true,true
10.1039/c8ra09166h,true,true,true
10.1039/c8ra09802f,true,true,true
10.1039/c8ra10397f,true,true,true
10.1039/c8tc00053k,true,true,true
10.1039/c8tc03142h,true,true,true
10.1039/c9cc03441b,true,true,true
10.1039/c9cp04911h,true,true,true
10.1039/c9dt02768h,true,true,true
10.1039/c9na00361d,true,true,true
10.1039/c9na00438f,true,true,true
10.1039/c9na00619b,true,true,true
10.1039/c9ra00768g,true,true,true
10.1039/c9ra03242h,true,true,true
10.1039/c9ra03295a,true,true,true
10.1039/c9ra03620b,true,true,true
10.1039/c9ra06110j,true,true,true
10.1039/c9ra06353f,true,false,false
10.1039/c9ra08626a,true,true,true
10.1039/c9ra09272b,true,true,true
10.1039/c9ra09603e,true,true,true
10.1039/c9sc00485h,true,true,true
10.1039/c9se00722a,true,true,true
10.1039/c9ta02883h,true,true,true
10.1039/c9ta07689a,true,true,true
10.1039/c9ta10128d,true,true,true
10.1039/c9tc03410b,true,true,true
10.1039/c9tc04008k,true,true,true
10.1039/d0cp00247j,true,true,true
10.1039/d0ee01363c,true,true,true
10.1039/d0ma00925c,true,true,true
10.1039/d0qi00888e,true,true,true
10.1039/d0ra01542c,true,true,true
10.1039/d0ra02532a,true,true,true
10.1039/d0ra10384e,true,true,true
10.1039/d0ta04644b,true,true,true
10.1039/d0ta05762b,true,true,true
10.1039/d0ta07508f,true,true,true
10.1039/d1ee01265g,true,true,true
10.1039/d1ee02929k,true,true,true
10.1039/d1ee03691b,true,true,true
10.1039/d1ma00121c,true,true,true
10.1039/d1ma00448d,true,true,true
10.1039/d1ma00875g,true,true,true
10.1039/d1ma00987g,true,true,true
10.1039/d1ra02704b,true,true,true
10.1039/d1ra03760a,true,true,true
10.1039/d1ra04270j,true,true,true
10.1039/d1ra06197f,true,true,true
10.1039/d1ra07244g,true,true,true
10.1039/d1ra08690a,true,true,true
10.1039/d2na00072e,true,true,true
10.1039/d2ra01546c,true,true,true
10.1039/d2ra03317h,true,true,true
10.1039/d2ra06750a,true,true,true
10.1039/d2ra06923g,true,true,true
10.1039/d2sc06772b,true,true,true
10.1039/d3fd00139c,true,true,true
10.1039/d3ra00583f,true,true,true
10.1039/d3ra01469j,true,true,true
10.1039/d4ra06184e,true,true,true
10.1051/epjconf/20111501003,true,true,true
10.1051/epjconf/20111503003,true,true,true
10.1051/epjconf/20122900018,true,true,true
10.1051/epjconf/20134006003,true,true,true
10.1051/epjconf/20134015015,true,true,true
10.1051/epjconf/20147503004,true,true,true
10.1051/epjconf/20147503006,true,true,true
10.1051/epjconf/20147506007,true,true,true
10.1051/epjconf/201715107002,true,true,true
10.1051/epjconf/201818504020,true,true,true
10.1051/epjconf/201818505001,true,true,true
10.1051/epjconf/201818507008,true,true,true
10.1051/matecconf/201713601007,true,true,true
10.1051/matecconf/201819702008,true,true,true
10.1051/matecconf/201821804027,true,true,true
10.1063/1.2913170,true,true,true
10.1063/1.3067868,true,true,true
10.1063/1.3124361,true,true,true
10.1063/1.3159813,false,false,false
10.1063/1.3580260,true,true,true
10.1063/1.3651757,true,true,true
10.1063/1.3698169,true,true,true
10.1063/1.4733340,true,true,true
10.1063/1.4761954,true,true,true
10.1063/1.4766936,true,true,true
10.1063/1.4767464,true,true,true
10.1063/1.4793486,true,true,true
10.1063/1.4794733,true,true,true
10.1063/1.4799063,true,true,true
10.1063/1.4811815,true,true,true
10.1063/1.4813540,true,true,true
10.1063/1.4817576,true,true,true
10.1063/1.4818356,true,true,true
10.1063/1.4821626,true,true,true
10.1063/1.4821884,true,true,true
10.1063/1.4827595,false,false,false
10.1063/1.4833055,true,true,true
10.1063/1.4860948,true,true,true
10.1063/1.4862955,true,true,true
10.1063/1.4871984,true,true,true
10.1063/1.4884435,true,true,true
10.1063/1.4893236,true,true,true
10.1063/1.4893241,true,true,true
10.1063/1.4896435,true,true,true
10.1063/1.4896936,true,true,true
10.1063/1.4902159,true,true,true
10.1063/1.4903773,true,true,true
10.1063/1.4906101,true,true,true
10.1063/1.4908003,true,true,true
10.1063/1.4913919,true,true,true
10.1063/1.4913967,true,true,true
10.1063/1.4913992,true,true,true
10.1063/1.4914509,true,true,true
10.1063/1.4916217,true,true,true
10.1063/1.4916526,true,true,true
10.1063/1.4917044,false,false,false
10.1063/1.4918687,true,true,true
10.1063/1.4919786,true,true,true
10.1063/1.4921025,true,true,true
10.1063/1.4921480,true,true,true
10.1063/1.4923087,true,true,true
10.1063/1.4926386,true,true,true
10.1063/1.4926611,true,true,true
10.1063/1.4928459,true,true,true
10.1063/1.4930592,true,true,true
10.1063/1.4930602,true,true,true
10.1063/1.4931161,true,true,true
10.1063/1.4931820,false,false,false
10.1063/1.4931951,true,true,true
10.1063/1.4932381,true,true,true
10.1063/1.4934790,true,true,true
10.1063/1.4935051,true,false,false
10.1063/1.4936829,true,true,true
10.1063/1.4938565,true,true,true
10.1063/1.4941838,true,true,true
10.1063/1.4942556,true,true,true
10.1063/1.4942824,true,true,true
10.1063/1.4942955,true,true,true
10.1063/1.4943150,true,true,true
10.1063/1.4943242,true,true,true
10.1063/1.4943356,true,true,true
10.1063/1.4943358,true,true,true
10.1063/1.4943924,true,true,true
10.1063/1.4943925,true,true,true
10.1063/1.4943929,true,true,true
10.1063/1.4943931,true,true,true
10.1063/1.4943932,true,true,true
10.1063/1.4944066,true,true,true
10.1063/1.4944071,true,true,true
10.1063/1.4944080,true,true,true
10.1063/1.4944403,true,true,true
10.1063/1.4944405,true,true,true
10.1063/1.4944517,true,true,true
10.1063/1.4944590,true,true,true
10.1063/1.4944655,true,true,true
10.1063/1.4944703,true,true,true
10.1063/1.4944767,true,true,true
10.1063/1.4944771,true,true,true
10.1063/1.4945040,true,true,true
10.1063/1.4949008,true,true,true
10.1063/1.4950809,true,true,true
10.1063/1.4950947,true,true,true
10.1063/1.4952994,true,true,true
10.1063/1.4953173,true,true,true
10.1063/1.4953237,true,true,true
10.1063/1.4953439,true,true,true
10.1063/1.4954499,true,false,false
10.1063/1.4955398,true,true,true
10.1063/1.4955400,true,true,true
10.1063/1.4958830,true,true,true
10.1063/1.4960697,true,true,true
10.1063/1.4961660,true,true,true
10.1063/1.4971759,true,true,true
10.1063/1.4971798,true,true,true
10.1063/1.4972798,true,false,false
10.1063/1.4973207,true,true,true
10.1063/1.4973396,true,true,true
10.1063/1.4973438,true,true,true
10.1063/1.4973732,true,true,true
10.1063/1.4974277,true,true,true
10.1063/1.4974307,true,true,true
10.1063/1.4974914,true,true,true
10.1063/1.4974976,true,true,true
10.1063/1.4975695,true,true,true
10.1063/1.4975696,true,true,true
10.1063/1.4977550,true,true,true
10.1063/1.4977717,true,true,true
10.1063/1.4977722,true,true,true
10.1063/1.4977883,true,true,true
10.1063/1.4977890,true,true,true
10.1063/1.4977892,true,true,true
10.1063/1.4978317,true,true,true
10.1063/1.4978459,true,true,true
10.1063/1.4978658,true,true,true
10.1063/1.4978698,true,true,true
10.1063/1.4979816,true,true,true
10.1063/1.4983402,true,true,true
10.1063/1.4983404,true,true,true
10.1063/1.4985669,true,true,true
10.1063/1.4986760,true,true,true
10.1063/1.4991468,true,true,true
10.1063/1.4991941,true,true,true
10.1063/1.4993698,true,true,true
10.1063/1.4994015,true,true,true
10.1063/1.4994035,true,true,true
10.1063/1.4994043,true,true,true
10.1063/1.4994057,true,true,true
10.1063/1.4994144,true,true,true
10.1063/1.5001991,true,true,true
10.1063/1.5003035,true,true,true
10.1063/1.5003826,true,true,true
10.1063/1.5003877,true,true,true
10.1063/1.5005869,true,true,true
10.1063/1.5006304,true,true,true
10.1063/1.5006350,true,true,true
10.1063/1.5006481,true,true,true
10.1063/1.5006515,true,true,true
10.1063/1.5006676,true,true,true
10.1063/1.5006687,true,true,true
10.1063/1.5006989,true,true,true
10.1063/1.5007109,true,true,true
10.1063/1.5007112,true,true,true
10.1063/1.5007214,true,true,true
10.1063/1.5007248,true,true,true
10.1063/1.5007249,true,true,true
10.1063/1.5007272,true,true,true
10.1063/1.5007756,true,true,true
10.1063/1.5007760,true,true,true
10.1063/1.5007794,true,false,false
10.1063/1.5009594,true,true,true
10.1063/1.5019870,true,true,true
10.1063/1.5025482,true,true,true
10.1063/1.5029288,true,true,true
10.1063/1.5034569,true,true,true
10.1063/1.5035307,true,true,true
10.1063/1.5036616,true,true,true
10.1063/1.5040890,true,true,true
10.1063/1.5043121,true,true,true
10.1063/1.5043389,true,true,true
10.1063/1.5050852,true,true,true
10.1063/1.5066296,true,true,true
10.1063/1.5066594,true,true,true
10.1063/1.5078411,true,true,true
10.1063/1.5078505,true,true,true
10.1063/1.5079727,true,true,true
10.1063/1.5079848,true,true,true
10.1063/1.5080161,true,true,true
10.1063/1.5085232,true,true,true
10.1063/1.5096530,true,true,true
10.1063/1.5104295,true,true,true
10.1063/1.5112142,true,true,true
10.1063/1.5116882,true,true,true
10.1063/1.5118893,true,true,true
10.1063/1.5119962,true,true,true
10.1063/1.5122677,true,true,true
10.1063/1.5123783,true,true,true
10.1063/1.5128659,true,true,true
10.1063/1.5129909,true,true,true
10.1063/1.5129953,true,true,true
10.1063/1.5130036,true,true,true
10.1063/1.5130073,true,true,true
10.1063/1.5130412,true,true,true
10.1063/1.5130419,true,true,true
10.1063/1.5130476,true,true,true
10.1063/1.5130486,true,true,true
10.1063/1.5139472,true,true,true
10.1063/1.5143316,true,true,true
10.1063/1.5143713,true,true,true
10.1063/1.5143839,true,true,true
10.1063/5.0004661,true,true,true
10.1063/5.0012463,true,true,true
10.1063/5.0023660,true,true,true
10.1063/5.0049891,true,true,true
10.1063/5.0056533,true,true,true
10.1063/5.0057299,true,true,true
10.1063/5.0079762,true,true,true
10.1063/5.0086805,true,true,true
10.1063/5.0088002,true,true,true
10.1063/5.0093195,true,true,true
10.1063/5.0100912,true,true,true
10.1063/5.0107582,true,true,true
10.1063/5.0108367,true,true,true
10.1063/5.0132099,true,true,true
10.1063/9.0000056,true,true,true
10.1063/9.0000119,true,true,true
10.1063/9.0000269,true,true,true
10.1063/9.0000303,true,true,true
10.1063/9.0000524,true,true,true
10.1073/pnas.1818910116,true,true,true
10.1073/pnas.2300197120,true,true,true
10.1080/14686996.2017.1393633,false,false,false
10.1080/14686996.2019.1662272,true,true,true
10.1080/14686996.2020.1726715,true,true,true
10.1080/16583655.2022.2059953,true,true,true
10.1080/19475411.2011.637994,true,true,true
10.1080/21663831.2016.1244116,true,true,true
10.1080/21663831.2017.1386240,true,true,true
10.1080/21663831.2018.1437571,true,true,true
10.1080/21663831.2018.1511635,true,true,true
10.1080/21663831.2019.1594427,true,true,true
10.1080/21663831.2022.2104139,true,true,true
10.1080/21870764.2019.1595929,true,true,true
10.1080/21870764.2020.1723197,true,true,true
10.1080/21870764.2020.1824325,true,true,true
10.1080/21870764.2021.1907025,true,true,true
10.1088/0022-3727/48/31/314010,true,true,true
10.1088/0268-1242/29/6/064003,true,true,true
10.1088/0953-8984/26/9/095801,true,true,true
10.1088/0957-4484/26/27/275605,true,true,true
10.1088/1361-6463/aa6cee,true,true,true
10.1088/1361-648x/ab8a9e,true,true,true
10.1088/1361-648x/accd38,true,true,true
10.1088/1367-2630/10/6/063021,true,true,true
10.1088/1367-2630/10/9/093017,true,true,true
10.1088/1367-2630/11/2/025006,true,true,true
10.1088/1367-2630/15/4/043029,true,false,false
10.1088/1367-2630/16/1/013057,true,true,true
10.1088/1367-2630/17/5/053029,true,true,true
10.1088/1367-2630/18/1/013024,true,true,true
10.1088/1367-2630/18/1/015008,true,true,true
10.1088/1367-2630/18/8/083029,false,false,false
10.1088/1367-2630/aa7b58,true,false,false
10.1088/1367-2630/aad213,true,true,true
10.1088/1367-2630/aae4a8,true,true,true
10.1088/1468-6996/10/1/015007,true,true,true
10.1088/1468-6996/15/1/014201,true,true,true
10.1088/1468-6996/15/3/035012,true,true,true
10.1088/1468-6996/15/4/044801,true,false,false
10.1088/1468-6996/15/4/044802,true,true,true
10.1088/1468-6996/15/6/064801,true,true,true
10.1088/1468-6996/16/3/035010,true,true,true
10.1088/1742-6596/1011/1/012009,true,true,true
10.1088/1742-6596/1011/1/012058,true,true,true
10.1088/1742-6596/1011/1/012059,true,true,true
10.1088/1742-6596/1011/1/012068,true,true,true
10.1088/1742-6596/1253/1/012026,true,true,true
10.1088/1742-6596/1282/1/012022,true,true,true
10.1088/1742-6596/1282/1/012026,true,true,true
10.1088/1742-6596/1389/1/012061,true,true,true
10.1088/1742-6596/1389/1/012094,true,true,true
10.1088/1742-6596/2013/1/012022,true,true,true
10.1088/1742-6596/2370/1/012033,true,true,true
10.1088/1742-6596/439/1/012015,true,true,true
10.1088/1742-6596/476/1/012036,true,true,true
10.1088/1742-6596/476/1/012139,true,true,true
10.1088/1742-6596/502/1/012017,true,true,true
10.1088/1742-6596/534/1/012038,true,true,true
10.1088/1742-6596/534/1/012043,true,true,true
10.1088/1742-6596/568/2/022035,true,true,true
10.1088/1742-6596/568/4/042020,false,false,false
10.1088/1742-6596/568/4/042033,true,true,true
10.1088/1742-6596/592/1/012002,true,true,true
10.1088/1742-6596/592/1/012032,true,true,true
10.1088/1742-6596/647/1/012004,true,false,false
10.1088/1742-6596/667/1/012001,true,false,false
10.1088/1742-6596/683/1/012011,true,true,true
10.1088/1742-6596/741/1/012205,true,true,true
10.1088/1742-6596/747/1/012039,true,true,true
10.1088/1742-6596/755/1/012028,true,true,true
10.1088/1742-6596/755/1/012035,true,true,true
10.1088/1742-6596/776/1/012013,true,true,true
10.1088/1742-6596/776/1/012015,true,true,true
10.1088/1742-6596/776/1/012017,true,true,true
10.1088/1742-6596/776/1/012020,true,true,true
10.1088/1742-6596/776/1/012021,true,true,true
10.1088/1742-6596/776/1/012046,true,true,true
10.1088/1742-6596/816/1/012006,true,true,true
10.1088/1742-6596/817/1/012052,true,true,true
10.1088/1742-6596/869/1/012017,true,true,true
10.1088/1742-6596/877/1/012015,true,true,true
10.1088/1742-6596/901/1/012157,true,true,true
10.1088/1742-6596/901/1/012158,true,true,true
10.1088/1742-6596/903/1/012015,true,true,true
10.1088/1742-6596/903/1/012032,true,true,true
10.1088/1742-6596/935/1/012007,true,true,true
10.1088/1742-6596/939/1/012013,true,true,true
10.1088/1742-6596/985/1/012044,true,true,true
10.1088/1742-6596/985/1/012047,true,true,true
10.1088/1757-899x/112/1/012009,true,true,true
10.1088/1757-899x/130/1/012026,false,false,false
10.1088/1757-899x/149/1/012171,true,true,true
10.1088/1757-899x/149/1/012194,true,true,true
10.1088/1757-899x/167/1/012030,true,true,true
10.1088/1757-899x/188/1/012014,false,false,false
10.1088/1757-899x/196/1/012016,true,true,true
10.1088/1757-899x/202/1/012048,true,true,true
10.1088/1757-899x/202/1/012051,true,true,true
10.1088/1757-899x/202/1/012090,true,true,true
10.1088/1757-899x/204/1/012001,true,true,true
10.1088/1757-899x/214/1/012008,true,true,true
10.1088/1757-899x/214/1/012009,true,true,true
10.1088/1757-899x/214/1/012021,true,true,true
10.1088/1757-899x/242/1/012024,true,true,true
10.1088/1757-899x/305/1/012012,true,true,true
10.1088/1757-899x/310/1/012107,true,true,true
10.1088/1757-899x/340/1/012004,true,true,true
10.1088/1757-899x/343/1/012008,true,true,true
10.1088/1757-899x/572/1/012068,true,true,true
10.1088/1757-899x/60/1/012045,true,true,true
10.1088/1757-899x/678/1/012141,true,true,true
10.1088/1757-899x/73/1/012042,true,true,true
10.1088/1757-899x/73/1/012082,true,true,true
10.1088/1757-899x/77/1/012011,true,true,true
10.1088/1757-899x/77/1/012046,true,true,true
10.1088/1757-899x/774/1/012056,true,true,true
10.1088/1757-899x/87/1/012092,true,true,true
10.1088/1757-899x/92/1/012008,true,true,true
10.1088/2043-6254/aa7222,true,true,true
10.1088/2043-6254/aa853a,true,true,true
10.1088/2043-6254/aac42d,true,true,true
10.1088/2043-6262/3/1/015016,true,true,true
10.1088/2043-6262/6/4/045013,true,true,true
10.1088/2043-6262/7/1/015011,true,true,true
10.1088/2053-1583/aa57fc,true,true,true
10.1088/2053-1591/3/10/106101,true,true,true
10.1088/2053-1591/ab532d,true,true,true
10.1088/2053-1591/ab5d26,true,true,true
10.1088/2053-1591/ab5ddd,true,true,true
10.1088/2053-1591/ab6493,true,true,true
10.1088/2053-1591/ab6544,true,true,true
10.1088/2053-1591/ab6a51,true,true,true
10.1088/2053-1591/ab6a58,true,true,true
10.1088/2053-1591/ab6c9c,true,true,true
10.1088/2053-1591/ab778b,true,true,true
10.1088/2053-1591/ab7d5a,true,true,true
10.1088/2053-1591/ab875b,true,true,true
10.1088/2053-1591/ac0f1b,true,true,true
10.1088/2399-6528/ab3336,true,true,true
10.1088/2399-6528/ab5ea8,true,true,true
10.1088/2515-7655/abf41a,true,true,true
10.1093/nsr/nwz157,true,true,true
10.1098/rsos.170339,true,true,true
10.1098/rsos.181017,true,true,true
10.1098/rsos.181799,true,true,true
10.1098/rsos.190870,true,true,true
10.1098/rsos.200642,true,true,true
10.1098/rsta.2019.0037,true,true,true
10.1100/2012/149670,true,true,true
10.1103/physrevb.101.235106,true,false,false
10.1103/physrevb.41.2623,true,true,true
10.1103/physrevb.72.224422,true,true,true
10.1103/physrevb.90.144433,true,true,true
10.1103/physrevb.92.125436,true,true,true
10.1103/physrevmaterials.2.051001,true,true,true
10.1103/physrevmaterials.2.084407,true,true,true
10.1103/physrevmaterials.3.061601,true,true,true
10.1103/physrevmaterials.4.054002,true,true,true
10.1103/physrevmaterials.5.015404,true,true,true
10.1103/physrevresearch.3.013151,true,true,true
10.1103/physrevx.1.021005,false,false,false
10.1103/physrevx.10.041008,true,true,true
10.1103/physrevx.8.041047,true,true,true
10.1107/s1600576713031233,true,true,true
10.1107/s2052252516012707,true,true,true
10.1107/s205225251801326x,true,true,true
10.1108/rpj-06-2018-0136,true,true,true
10.1111/jace.17541,true,true,true
10.1111/jace.18483,true,true,true
10.1126/sciadv.1601378,true,true,true
10.1126/sciadv.aar5606,true,true,true
10.1126/sciadv.aar8027,true,true,true
10.1126/sciadv.aat5935,true,true,true
10.1126/sciadv.aat7158,true,true,true
10.1126/sciadv.aaw6183,true,true,true
10.1126/sciadv.aay6407,true,true,true
10.1126/sciadv.aaz8423,true,true,true
10.1126/sciadv.abc0726,true,true,true
10.1126/sciadv.abc1977,true,true,true
10.1126/sciadv.abe9439,true,true,true
10.1134/s1063783409020073,true,true,true
10.1140/epjb/e2004-00179-8,true,true,true
10.1142/s2010135x18500029,true,true,true
10.1142/s2010135x19500206,true,true,true
10.1142/s2010135x20500320,true,true,true
10.1149/1945-7111/abc4c0,true,true,true
10.1149/1945-7111/ac64cb,true,true,true
10.1149/2.0031410jss,true,true,true
10.1149/2.0031710jes,true,true,true
10.1149/2.0101410jss,true,true,true
10.1149/2.0151609jss,true,true,true
10.1149/2.0181904jes,true,true,true
10.1149/2.0501903jes,true,true,true
10.1149/2.0771609jes,true,true,true
10.1149/2.0981509jes,true,true,true
10.1155/1993/32872,true,false,false
10.1155/1993/82760,true,true,true
10.1155/1997/89056,true,true,true
10.1155/2010/793854,true,true,true
10.1155/2011/182543,true,true,true
10.1155/2011/720937,true,true,true
10.1155/2011/930243,true,true,true
10.1155/2012/165849,true,true,true
10.1155/2012/323145,true,true,true
10.1155/2012/759750,true,true,true
10.1155/2012/801240,true,true,true
10.1155/2013/131537,true,true,true
10.1155/2013/172504,true,true,true
10.1155/2013/201017,true,true,true
10.1155/2013/210767,true,true,true
10.1155/2013/427489,true,true,true
10.1155/2013/502150,true,true,true
10.1155/2013/635647,true,true,true
10.1155/2013/710432,true,true,true
10.1155/2013/713684,true,true,true
10.1155/2013/718365,true,true,true
10.1155/2013/815925,true,true,true
10.1155/2013/821657,true,true,true
10.1155/2013/934234,true,true,true
10.1155/2013/973060,true,true,true
10.1155/2014/138789,true,true,true
10.1155/2014/284634,true,true,true
10.1155/2014/452468,true,true,true
10.1155/2014/842495,true,true,true
10.1155/2015/135130,true,true,true
10.1155/2015/151740,true,true,true
10.1155/2015/202415,true,true,true
10.1155/2015/294239,true,true,true
10.1155/2015/385215,true,true,true
10.1155/2015/496739,true,true,true
10.1155/2015/820893,true,true,true
10.1155/2015/854840,true,true,true
10.1155/2016/7091241,true,true,true
10.1155/2016/8528617,true,true,true
10.1155/2017/4365682,true,true,true
10.1155/2017/6412042,true,true,true
10.1155/2017/7868121,true,true,true
10.1155/2017/9437487,true,true,true
10.1155/2018/5686741,true,true,true
10.1155/2018/6152020,true,true,true
10.1155/2018/6457534,true,true,true
10.1155/2018/7096195,true,true,true
10.1155/2018/9380573,true,true,true
10.1155/2018/9725321,true,true,true
10.11648/j.ijmsa.20170605.13,true,true,true
10.1179/1743676115y.0000000054,true,true,true
10.1186/1556-276x-6-548,true,true,true
10.1186/1556-276x-8-16,true,true,true
10.1186/1556-276x-8-196,true,true,true
10.1186/1556-276x-8-345,true,true,true
10.1186/1556-276x-8-423,true,true,true
10.1186/1556-276x-8-446,true,true,true
10.1186/1556-276x-9-415,true,true,true
10.1186/1556-276x-9-498,true,true,true
10.1186/1752-153x-5-19,true,true,true
10.1186/1752-153x-6-23,true,true,true
10.1186/s11671-015-0834-2,true,true,true
10.1186/s11671-015-0863-x,true,true,true
10.1186/s11671-015-0971-7,true,true,true
10.1186/s11671-015-1091-0,true,true,true
10.1186/s11671-016-1227-x,true,true,true
10.1186/s11671-016-1345-5,true,true,true
10.1186/s11671-016-1406-9,true,true,true
10.1186/s11671-016-1407-8,true,true,true
10.1186/s11671-016-1562-y,true,true,true
10.1186/s11671-016-1645-9,true,true,true
10.1186/s11671-016-1823-9,true,true,true
10.1186/s11671-017-1884-4,true,true,true
10.1186/s11671-017-1899-x,true,true,true
10.1186/s11671-017-2061-5,true,true,true
10.1186/s11671-017-2367-3,true,true,true
10.1186/s11671-017-2372-6,true,true,true
10.1186/s11671-017-2387-z,true,true,true
10.1186/s11671-018-2553-y,true,true,true
10.1186/s11671-018-2562-x,true,true,true
10.1186/s11671-019-3010-2,true,true,true
10.1186/s11671-019-3190-9,true,true,true
10.1186/s11671-019-3243-0,true,true,true
10.1186/s40580-020-0218-x,true,true,true
10.12693/aphyspola.112.419,true,true,true
10.12693/aphyspola.113.111,true,true,true
10.12693/aphyspola.113.383,true,true,true
10.12693/aphyspola.113.533,true,true,true
10.12693/aphyspola.118.1005,true,true,true
10.12693/aphyspola.118.1020,true,true,true
10.12693/aphyspola.118.811,true,true,true
10.12693/aphyspola.118.971,true,true,true
10.12693/aphyspola.123.752,false,false,false
10.12693/aphyspola.124.728,true,true,true
10.12693/aphyspola.125.1344,true,true,true
10.12693/aphyspola.125.538,true,true,true
10.12693/aphyspola.126.174,true,true,true
10.12693/aphyspola.126.178,true,true,true
10.12693/aphyspola.126.527,true,true,true
10.12693/aphyspola.126.90,true,true,true
10.12693/aphyspola.127.1656,true,true,true
10.12693/aphyspola.127.287,false,false,false
10.12693/aphyspola.127.309,true,true,true
10.12693/aphyspola.127.382,true,true,true
10.12693/aphyspola.127.517,true,true,true
10.12693/aphyspola.127.611,true,true,true
10.12693/aphyspola.127.827,true,true,true
10.12693/aphyspola.128.91,true,true,true
10.12693/aphyspola.128.94,true,true,true
10.12693/aphyspola.129.35,true,true,true
10.12693/aphyspola.130.1255,true,true,true
10.12693/aphyspola.131.1006,true,true,true
10.12693/aphyspola.131.1105,true,true,true
10.12693/aphyspola.131.1212,true,true,true
10.12693/aphyspola.131.654,true,true,true
10.12693/aphyspola.131.726,true,true,true
10.12693/aphyspola.131.813,true,true,true
10.12693/aphyspola.132.770,true,true,true
10.12693/aphyspola.133.447,true,true,true
10.12693/aphyspola.133.450,true,true,true
10.12693/aphyspola.133.645,true,true,true
10.12693/aphyspola.133.666,true,true,true
10.12693/aphyspola.133.669,true,true,true
10.12693/aphyspola.133.680,true,true,true
10.12693/aphyspola.134.1180,true,true,true
10.12693/aphyspola.136.548,true,true,true
10.12693/aphyspola.137.767,true,true,true
10.12693/aphyspola.138.166,true,true,true
10.12693/aphyspola.144.333,true,true,true
10.13005/ojc/3404045,true,true,true
10.13168/cs.2016.0010,true,true,true
10.1371/journal.pone.0047822,true,true,true
10.1371/journal.pone.0090055,true,true,true
10.1371/journal.pone.0095287,true,true,true
10.1371/journal.pone.0162891,true,true,true
10.1371/journal.pone.0167084,true,true,true
10.1371/journal.pone.0170075,true,true,true
10.1380/ejssnt.2005.97,true,true,true
10.1515/amm-2015-0104,true,true,true
10.1515/amm-2017-0140,true,true,true
10.1515/amm-2017-0142,true,true,true
10.1515/amm-2017-0155,true,true,true
10.1515/amm-2017-0171,true,true,true
10.1515/chem-2015-0074,true,true,true
10.1515/gps-2019-0044,true,true,true
10.1515/htmp-2013-0021,true,true,true
10.1515/msp-2015-0004,true,true,true
10.1515/msp-2016-0059,true,true,true
10.1515/msp-2016-0098,true,true,true
10.1515/msp-2017-0003,true,true,true
10.1515/msp-2017-0069,true,true,true
10.1515/msp-2018-0011,true,true,true
10.1515/msp-2018-0043,true,true,true
10.1515/nuka-2015-0008,true,true,true
10.1515/nuka-2017-0010,true,true,true
10.1515/pac-2022-0601,true,true,true
10.1515/zna-1972-8-944,false,false,false
10.15330/pcss.22.4.664-686,true,true,true
10.15406/jnmr.2017.05.00118,true,true,true
10.1557/opl.2013.85,true,true,true
10.15826/chimtech.2020.8.1.03,true,true,true
10.15826/chimtech.2023.10.1.13,true,true,true
10.1590/0104-6632.20150323s00003269,true,true,true
10.1590/0366-69132016623642006,true,true,true
10.1590/0366-69132018643722463,true,true,true
10.1590/0366-69132020663772734,true,true,true
10.1590/1516-1439.033115,true,true,true
10.1590/1980-5373-mr-2016-0340,true,true,true
10.1590/s0104-66322009000300012,true,true,true
10.1590/s1516-14392012005000157,true,true,true
10.1595/147106706x106182,false,false,false
10.1595/147106708x361321,false,false,false
10.17222/mit.2014.300,true,true,true
10.17222/mit.2015.174,true,true,true
10.17485/ijst/2016/v9i27/96638,true,true,true
10.18178/ijmerr.9.1.148-152,true,false,false
10.18494/sam.2020.2889,true,true,true
10.19053/1900771x.v22.n2.2022.15024,true,true,true
10.20964/2018.02.40,true,true,true
10.20964/2018.05.47,true,true,true
10.20964/2018.09.44,true,true,true
10.20964/2020.04.06,true,true,true
10.20964/2021.06.14,true,true,true
10.21203/rs.3.rs-2594085/v1,true,true,true
10.21203/rs.3.rs-703464/v1,true,true,true
10.2147/ijn.s82210,true,true,true
10.2298/ntrp1204351a,true,false,false
10.2298/pac1904427p,true,true,true
10.2298/pac2201078s,true,true,true
10.2298/sos1803337j,true,true,true
10.2355/isijinternational.isijint-2017-380,true,true,true
10.24425/BPASTS.2020.131835,true,true,true
10.2478/jee-2019-0044,true,true,true
10.2478/msp-2019-0044,true,true,true
10.2478/msp-2019-0057,true,true,true
10.2478/s11532-009-0012-4,true,true,true
10.2478/s11532-010-0037-8,true,true,true
10.2478/s11532-013-0291-7,true,true,true
10.26565/2222-5617-2022-37,true,true,true
10.31349/revmexfis.67.255,true,true,true
10.31635/ccschem.020.202000400,true,true,true
10.32734/jotp.v2i1.5263,true,true,true
10.3365/kjmm.2018.56.10.772,true,true,true
10.3365/kjmm.2019.57.5.328,true,true,true
10.3365/kjmm.2021.59.8.560,true,true,true
10.3389/fchem.2014.00106,true,true,true
10.3389/fchem.2015.00053,true,true,true
10.3389/fenrg.2014.00009,true,true,true
10.3389/fenrg.2019.00053,true,true,true
10.3389/fenrg.2020.606494,true,true,true
10.3389/fenrg.2022.996471,true,true,true
10.3389/fmats.2014.00010,true,true,true
10.3389/fmats.2020.569723,true,true,true
10.3390/acoustics1020019,true,true,true
10.3390/app10113905,true,true,true
10.3390/app10144963,true,true,true
10.3390/app13063978,true,true,true
10.3390/app7090952,true,true,true
10.3390/app8010012,true,true,true
10.3390/app8010052,true,true,true
10.3390/app8050735,true,true,true
10.3390/app8091702,true,false,false
10.3390/app8112099,true,true,true
10.3390/app9081609,true,true,true
10.3390/batteries8090116,true,true,true
10.3390/batteries9020142,true,true,true
10.3390/biom11020299,true,true,true
10.3390/catal10020235,true,true,true
10.3390/catal12121636,true,true,true
10.3390/catal13050793,true,true,true
10.3390/catal7070223,true,true,true
10.3390/coatings10050453,true,false,false
10.3390/coatings10121260,true,true,true
10.3390/coatings9080502,true,true,true
10.3390/condmat5040063,true,true,true
10.3390/condmat7030048,true,true,true
10.3390/condmat8040087,true,true,true
10.3390/cryst10020100,true,true,true
10.3390/cryst10020140,true,true,true
10.3390/cryst10040270,true,true,true
10.3390/cryst10070552,true,true,true
10.3390/cryst10070610,true,true,true
10.3390/cryst10080631,true,true,true
10.3390/cryst12010035,true,true,true
10.3390/cryst12010073,true,true,true
10.3390/cryst13010152,true,true,true
10.3390/cryst13020180,true,true,true
10.3390/cryst13101452,true,true,true
10.3390/cryst7060172,true,true,true
10.3390/cryst7060180,true,true,true
10.3390/cryst7090256,true,true,true
10.3390/cryst7090271,true,true,true
10.3390/cryst7090281,true,true,true
10.3390/cryst8010045,true,true,true
10.3390/cryst8030126,true,true,true
10.3390/cryst8040142,true,true,true
10.3390/cryst8050190,true,false,false
10.3390/cryst8100384,true,true,true
10.3390/e18080308,true,true,true
10.3390/e20070488,true,true,true
10.3390/electronics10020140,true,true,true
10.3390/en10101524,true,true,true
10.3390/en12224292,true,true,true
10.3390/en13030643,true,true,true
10.3390/en13061459,true,true,true
10.3390/en14217362,true,true,true
10.3390/en16207115,true,true,true
10.3390/en8076275,true,true,true
10.3390/en81010958,true,true,true
10.3390/en81112323,true,true,true
10.3390/en9040236,true,true,true
10.3390/inorganics6030083,true,true,true
10.3390/ma10020146,true,true,true
10.3390/ma10020154,true,true,true
10.3390/ma10030233,true,true,true
10.3390/ma10030251,true,true,true
10.3390/ma10040328,true,true,true
10.3390/ma10060578,true,true,true
10.3390/ma10060617,true,true,true
10.3390/ma10070818,true,true,true
10.3390/ma10070824,true,true,true
10.3390/ma10091062,true,true,true
10.3390/ma11010099,true,true,true
10.3390/ma11020189,true,true,true
10.3390/ma11020203,true,true,true
10.3390/ma11020262,true,true,true
10.3390/ma11030439,true,true,true
10.3390/ma11040536,true,true,true
10.3390/ma11040649,true,true,true
10.3390/ma11050728,true,true,true
10.3390/ma11050773,true,true,true
10.3390/ma11060903,true,true,true
10.3390/ma11060946,true,true,true
10.3390/ma11071185,true,true,true
10.3390/ma11071224,true,true,true
10.3390/ma11091652,true,true,true
10.3390/ma11101799,true,true,true
10.3390/ma11101807,true,true,true
10.3390/ma11112095,true,true,true
10.3390/ma11112171,true,true,true
10.3390/ma11112190,true,true,true
10.3390/ma11112237,true,true,true
10.3390/ma11122551,true,true,true
10.3390/ma11122573,true,true,true
10.3390/ma12010064,true,true,true
10.3390/ma12030497,true,true,true
10.3390/ma12050731,true,true,true
10.3390/ma12101637,true,true,true
10.3390/ma12101723,true,true,true
10.3390/ma12121957,true,true,true
10.3390/ma12132057,true,true,true
10.3390/ma12142219,true,true,true
10.3390/ma12162545,true,true,true
10.3390/ma12172663,true,true,true
10.3390/ma12183019,true,true,true
10.3390/ma12244222,true,true,true
10.3390/ma13010087,true,true,true
10.3390/ma13040984,true,true,true
10.3390/ma13051060,true,true,true
10.3390/ma13061404,true,true,true
10.3390/ma13092164,true,true,true
10.3390/ma13173865,true,true,true
10.3390/ma14020273,true,true,true
10.3390/ma14113080,true,true,true
10.3390/ma14144029,true,true,true
10.3390/ma14164656,true,true,true
10.3390/ma14174870,true,true,true
10.3390/ma14185238,true,true,true
10.3390/ma14185264,true,true,true
10.3390/ma14227019,true,true,true
10.3390/ma15010278,true,true,true
10.3390/ma15062166,true,true,true
10.3390/ma15113819,true,true,true
10.3390/ma15124126,true,true,true
10.3390/ma15196509,true,true,true
10.3390/ma15196816,true,true,true
10.3390/ma15228003,true,true,true
10.3390/ma15228268,true,true,true
10.3390/ma15238369,true,true,true
10.3390/ma16083231,true,true,true
10.3390/ma2041923,true,true,true
10.3390/ma3010318,true,true,true
10.3390/ma3020786,true,true,true
10.3390/ma3042606,true,true,true
10.3390/ma6041326,true,true,true
10.3390/ma7042577,true,true,true
10.3390/ma7107093,true,true,true
10.3390/ma8030959,true,true,true
10.3390/ma8031043,true,true,true
10.3390/ma8041568,true,true,true
10.3390/ma8052514,true,true,true
10.3390/ma9030154,true,true,true
10.3390/ma9030169,true,true,true
10.3390/ma9030209,true,true,true
10.3390/ma9040227,true,true,true
10.3390/ma9040257,true,true,true
10.3390/ma9070579,true,true,true
10.3390/ma9070588,true,true,true
10.3390/ma9080629,true,true,true
10.3390/ma9090717,true,true,true
10.3390/magnetochemistry5010016,true,true,true
10.3390/magnetochemistry9040103,true,true,true
10.3390/membranes12030308,true,true,true
10.3390/membranes12111084,true,true,true
10.3390/membranes13050502,true,true,true
10.3390/met10010048,true,true,true
10.3390/met10010112,true,true,true
10.3390/met10050624,true,true,true
10.3390/met5020910,true,true,true
10.3390/met8010061,true,true,true
10.3390/met8060466,true,true,true
10.3390/met8070553,true,true,true
10.3390/met8110935,true,true,true
10.3390/met9030382,true,true,true
10.3390/met9040441,true,true,true
10.3390/met9050497,true,true,true
10.3390/mi8120352,true,true,true
10.3390/molecules27217190,true,true,true
10.3390/molecules28237918,true,true,true
10.3390/nano10010085,true,true,true
10.3390/nano10020272,true,true,true
10.3390/nano10030476,true,true,true
10.3390/nano10061204,true,true,true
10.3390/nano10112267,true,true,true
10.3390/nano10112270,true,true,true
10.3390/nano11061518,true,true,true
10.3390/nano11112882,true,true,true
10.3390/nano12020236,true,true,true
10.3390/nano12142403,true,true,true
10.3390/nano12183104,true,true,true
10.3390/nano12193452,true,true,true
10.3390/nano13020254,true,true,true
10.3390/nano14010082,true,true,true
10.3390/nano7060138,true,true,true
10.3390/nano7070157,true,true,true
10.3390/nano7120415,true,true,true
10.3390/nano8010008,true,true,true
10.3390/nano8020077,true,true,true
10.3390/nano8020090,true,true,true
10.3390/nano8030154,true,true,true
10.3390/nano8040241,true,true,true
10.3390/nano8050297,true,true,true
10.3390/nano8080631,true,true,true
10.3390/nano8090678,true,true,true
10.3390/nano8100750,true,true,true
10.3390/nano8100790,true,true,true
10.3390/nano8121064,true,true,true
10.3390/nano9010118,true,true,true
10.3390/nano9081176,true,true,true
10.3390/nano9121720,true,true,true
10.3390/ph12020076,true,true,true
10.3390/polym10080815,true,true,true
10.3390/pr10010136,true,true,true
10.3390/pr7120885,true,true,true
10.3390/pr9020186,true,true,true
10.3390/s18040958,true,true,true
10.3390/s90402352,true,true,true
10.3390/sym11060732,true,true,true
10.34133/2020/4630948,true,true,true
10.34133/2020/5016564,true,false,false
10.34133/2020/6591981,true,false,false
10.34133/2020/8151059,true,true,true
10.34133/2022/9846797,true,true,true
10.35848/1882-0786/ac1231,true,true,true
10.3740/mrsk.2015.25.2.68,true,true,true
10.3762/bjnano.10.133,true,true,true
10.3762/bjnano.10.86,true,true,true
10.3762/bjnano.4.52,true,true,true
10.3762/bjnano.6.119,true,false,false
10.3762/bjnano.6.167,true,true,true
10.37904/metal.2020.3610,true,true,true
10.3844/ajassp.2007.89.93,true,true,true
10.3844/ajassp.2014.878.882,true,true,true
10.3934/matersci.2019.3.363,true,true,true
10.4067/s0717-97072013000400023,true,true,true
10.4067/s0717-97072015000100005,true,true,true
10.4191/kcers.2019.56.1.03,true,true,true
10.52131/jmps.2021.0201.0014,true,true,true
10.7566/jpsj.89.044702,false,false,false